name,productUrl,image,price,priceShow,ratingScore,location
Colors Cl101 Keypad Phone With Wireless Fm & Vibator,//www.daraz.com.np/products/colors-cl101-keypad-phone-with-wireless-fm-radio-i103462423-s1024198562.html?search=1,https://static-01.daraz.com.np/p/3e7b5f2c2032b5dd9e89a012c754fc2c.jpg,1100.00,"Rs. 1,100",0,Nepal
Apple iPhone 7 Plus 128GB,//www.daraz.com.np/products/apple-iphone-7-plus-128gb-i28274-s1023903042.html?search=1,https://static-01.daraz.com.np/p/e3c77efcf08b45c1e3b4417c30823fb6.jpg,58000.00,"Rs. 58,000",0,Bagmati
"Samsung Galaxy M31 [128GB ROM 64MP + 8MP + 5MP + 5MP rear camera | 32MP front facing camera, 6000mAh Battery]",//www.daraz.com.np/products/samsung-galaxy-m31-128gb-rom-64mp-8mp-5mp-5mp-rear-camera-32mp-front-facing-camera-6000mah-battery-i104064074-s1024862130.html?search=1,https://static-01.daraz.com.np/p/3a4d18d940227633b5caf416bc83dc07.jpg,35699.00,"Rs. 35,699",0,Nepal
Oppo A5S [2GB Ram + 32GB Rom],//www.daraz.com.np/products/oppo-a5s-2gb-ram-32gb-rom-i101260254-s1022002312.html?search=1,https://static-01.daraz.com.np/p/32eea7d7437d3b4747ca35300ae067d9.jpg,16790.00,"Rs. 16,790",4,Nepal
Samsung Galaxy M21 // 48MP (F2.0) Main Camera +8MP (F2.2) Ultra Wide Camera +5MP(F2.2) Depth Camera | 20MP (F2.2) front facing camera,//www.daraz.com.np/products/samsung-galaxy-m21-48mp-f20-main-camera-8mp-f22-ultra-wide-camera-5mpf22-depth-camera-20mp-f22-front-facing-camera-i104056497-s1024838873.html?search=1,https://static-01.daraz.com.np/p/7ad9ce5689577f2f552b8d9be16d96ab.jpg,22999.00,"Rs. 22,999",0,Nepal
Vivo Y12 3GB RAM 64GB Memory 5000mAh Battery with triple Camera,//www.daraz.com.np/products/vivo-y12-3gb-ram-64gb-memory-5000mah-battery-with-triple-camera-i101390767-s1022184696.html?search=1,https://static-01.daraz.com.np/p/079b8bc0e060d63948224aa2b5dbed98.jpg,20961.00,"Rs. 20,961",0,Nepal
"Samsung M21 [4GB//64GB or 6GB//128GB] -48MP Tripple Rear Camera, 6000mAH Monster Battery",//www.daraz.com.np/products/samsung-m21-4gb64gb-or-6gb128gb-48mp-tripple-rear-camera-6000mah-monster-battery-i104068045-s1024862144.html?search=1,https://static-01.daraz.com.np/p/9e3b22078f459eb216e6d7f6c789a083.jpg,27499.00,"Rs. 27,499",0,Nepal
Samsung A21s / 4GB / 64GB,//www.daraz.com.np/products/samsung-a21s-4gb-64gb-i104080140-s1024884568.html?search=1,https://static-01.daraz.com.np/p/f4f42cfda843ea21b288d5fccf6aa132.jpg,24999.00,"Rs. 24,999",0,Nepal
Nokia 105 Barphone Single Sim,//www.daraz.com.np/products/nokia-105-barphone-single-sim-i104106524-s1024936529.html?search=1,https://static-01.daraz.com.np/p/08739692f79c5b3506bacd7b3ec46948.jpg,1799.00,"Rs. 1,799",0,Nepal
Nokia 105 Single Sim (2019) 4Th Edition,//www.daraz.com.np/products/nokia-105-single-sim-2019-4th-edition-i104048524-s1024844349.html?search=1,https://static-01.daraz.com.np/p/fb6a501828b17d2490c91f26cbd42d4a.jpg,2155.00,"Rs. 2,155",0,Nepal
micromax X372,//www.daraz.com.np/products/micromax-x372-i104076521-s1024894126.html?search=1,https://static-01.daraz.com.np/p/b6ac9e377549cb8a03cbc63d69c1b11c.jpg,980.00,Rs. 980,0,Nepal
Nokia 3310,//www.daraz.com.np/products/nokia-3310-i104112520-s1024940201.html?search=1,https://static-01.daraz.com.np/p/456028ec30288b0149561cdc59bf26f0.jpg,5750.00,"Rs. 5,750",0,Nepal
iTel P11 RAM 1 And  ROM 8,//www.daraz.com.np/products/itel-p11-ram-1-and-rom-8-i101404728-s1022208389.html?search=1,https://static-01.daraz.com.np/p/eb73a733f6d6d28c74b26f9b7b88c34e.jpg,10050.00,"Rs. 10,050",0,Nepal
Pearltech Pride 2 Dual Sim 2.4 Display Facebook Compatible Phone,//www.daraz.com.np/products/pearltech-pride-2-dual-sim-24-display-facebook-compatible-phone-i102958725-s1023702101.html?search=1,https://static-01.daraz.com.np/p/8852ac99c9caa0af15cacf024a36b348.jpg,1500.00,"Rs. 1,500",0,Nepal
Salora C1,//www.daraz.com.np/products/salora-c1-i100798725-s1021304400.html?search=1,https://static-01.daraz.com.np/p/aa25953b5a29f98a005c119e8d8cf958.jpg,1700.00,"Rs. 1,700",0,Nepal
Opal Wind E28 2.8  Display 2000 mAH Battery Phone,//www.daraz.com.np/products/opal-wind-e28-28-display-2000-mah-battery-phone-i102959723-s1023700000.html?search=1,https://static-01.daraz.com.np/p/a2d3c3c9691aafc2ff9563697494b0ca.jpg,2000.00,"Rs. 2,000",0,Nepal
ONYX MINI SIM MOBILE PHONE (6850MAH) POWER BANK FUNCTION,//www.daraz.com.np/products/onyx-mini-sim-mobile-phone-6850mah-power-bank-function-i30768-s1021084517.html?search=1,https://static-01.daraz.com.np/p/dc21bbd9896d871e5e1a75156cbe9943.jpg,3000.00,"Rs. 3,000",3,Bagmati
Diamond D632 Dual Sim Phone,//www.daraz.com.np/products/diamond-d632-dual-sim-phone-i102962760-s1023706083.html?search=1,https://static-01.daraz.com.np/p/d2494bab6b1c9f9ad05ac55eaaa029df.jpg,1500.00,"Rs. 1,500",0,Nepal
Vivo Y30 / 4GB / 128GB,//www.daraz.com.np/products/vivo-y30-4gb-128gb-i104078218-s1024872968.html?search=1,https://static-01.daraz.com.np/p/5a43f46f9f87185215f93834f6ca2683.png,24509.00,"Rs. 24,509",0,Nepal
Realme C1 RAM 2 And ROM 16 GB,//www.daraz.com.np/products/realme-c1-ram-2-and-rom-16-gb-i101386218-s1022164804.html?search=1,https://static-01.daraz.com.np/p/9180f9f09857834c3fc966080e183844.jpg,14000.00,"Rs. 14,000",0,Nepal
MAXXAGE RD 01 1200 Black Green Dual SIM Mobile with 1050 MAH Battery with ONE Year Warranty,//www.daraz.com.np/products/maxxage-rd-01-1200-black-green-dual-sim-mobile-with-1050-mah-battery-with-one-year-warranty-i104040214-s1024810850.html?search=1,https://static-01.daraz.com.np/p/fc2ef516a6faca0747c6ca3084652363.jpg,1200.00,"Rs. 1,200",0,Nepal
Mi 10 [8GB RAM // 256GB ROM] - 108MP Quad Camera with OIS,//www.daraz.com.np/products/mi-10-8gb-ram-256gb-rom-108mp-quad-camera-with-ois-i104044849-s1024846635.html?search=1,https://static-01.daraz.com.np/p/3eab9e1ed0c5901fb0151aa03bb62828.jpg,89999.00,"Rs. 89,999",0,Nepal
"Oppo A5s (2GB RAM, 32 GB ROM)",//www.daraz.com.np/products/oppo-a5s-2gb-ram-32-gb-rom-i103450840-s1024198201.html?search=1,https://static-01.daraz.com.np/p/4d111ece8d2c088065bbfd54f959c77d.jpg,16749.00,"Rs. 16,749",0,Nepal
Samsung A20S Mobile Phone[3 GB RAM /32 GB ROM],//www.daraz.com.np/products/samsung-a20s-mobile-phone3-gb-ram-32-gb-rom-i103052445-s1023827944.html?search=1,https://static-01.daraz.com.np/p/267c327294109628c70cd789350d602d.jpg,20690.00,"Rs. 20,690",0,Nepal
Premiere 1,//www.daraz.com.np/products/premiere-1-i104044444-s1024842807.html?search=1,https://static-01.daraz.com.np/p/77296695d41b2d456f75ed94c9f6e748.jpg,1249.00,"Rs. 1,249",0,Nepal
Tambo 1806 Barphone,//www.daraz.com.np/products/tambo-1806-barphone-i101414442-s1022208353.html?search=1,https://static-01.daraz.com.np/p/28a54de81c5fa5dbe8ec4b926c385ef1.jpg,1200.00,"Rs. 1,200",5,Nepal
Black/Green Diamond D-543 Mobile,//www.daraz.com.np/products/blackgreen-diamond-d-543-mobile-i103720440-s1024428099.html?search=1,https://static-01.daraz.com.np/p/842a0a73548a4a773d6551ffec7c7183.jpg,1300.00,"Rs. 1,300",0,Nepal
OPPO A1K 2GB RAM 32GB ROM,//www.daraz.com.np/products/oppo-a1k-2gb-ram-32gb-rom-i103094817-s1024186624.html?search=1,https://static-01.daraz.com.np/p/fa28cc70e54ded1d70d17e9de4245d4d.jpg,15490.00,"Rs. 15,490",0,Nepal
"Vivo S1 Pro 8GB RAM 128GB ROM 48mp+8mp+2mp+2mpBack, 32mp Front Camera, 6.38inch 4500mAh Battery",//www.daraz.com.np/products/vivo-s1-pro-8gb-ram-128gb-rom-48mp8mp2mp2mpback-32mp-front-camera-638inch-4500mah-battery-i103270812-s1024015713.html?search=1,https://static-01.daraz.com.np/p/5b9ada177d30f58b98e875b4f4fcd8da.jpg,34990.00,"Rs. 34,990",0,Nepal
"Oppo A9 2020 (8 GB RAM,128 GB ROM)",//www.daraz.com.np/products/oppo-a9-2020-8-gb-ram128-gb-rom-i103446811-s1024190541.html?search=1,https://static-01.daraz.com.np/p/c2d8910b0f3f5d0932c3c50c9453b258.jpg,33499.00,"Rs. 33,499",0,Nepal
"NOKIA 110 DS - Black (Dual Sim, 800mAh Battery, 1.77  Display)",//www.daraz.com.np/products/nokia-110-ds-black-dual-sim-800mah-battery-177-display-i103154811-s1023911166.html?search=1,https://static-01.daraz.com.np/p/59b9ee98a448caef7b52405ced21db72.jpg,2499.00,"Rs. 2,499",5,Nepal
"Itel 2163 bar phone ,1.8 display strong bar phone",//www.daraz.com.np/products/itel-2163-bar-phone-18-display-strong-bar-phone-i102952811-s1023693645.html?search=1,https://static-01.daraz.com.np/p/d14ca0aad5b7b71c64c5d19e7e1daf55.jpg,1000.00,"Rs. 1,000",3,Nepal
Doogee X50 (1 GB RAM / 8 GB ROM) 5 Inch Screen,//www.daraz.com.np/products/doogee-x50-1-gb-ram-8-gb-rom-5-inch-screen-i100270519-s1020526738.html?search=1,https://static-01.daraz.com.np/p/1770c25749c91bdb3fb54b6e68dadc26.jpg,8700.00,"Rs. 8,700",0,Nepal
VGO TEL i231 Monile (2000Mah Battery),//www.daraz.com.np/products/vgo-tel-i231-monile-2000mah-battery-i101096512-s1021662879.html?search=1,https://static-01.daraz.com.np/p/2e2d38dce800b7db5e358baa642194df.jpg,999.00,Rs. 999,3,Bagmati
Nokia 150 Barphone,//www.daraz.com.np/products/nokia-150-barphone-i104106511-s1024928597.html?search=1,https://static-01.daraz.com.np/p/7a5cc7dc14eedce32001b698cf81d00c.jpg,3500.00,"Rs. 3,500",0,Nepal
Moto e4+,//www.daraz.com.np/products/moto-e4-i100340511-s1020616722.html?search=1,https://static-01.daraz.com.np/p/6a9627c89c090a0b27e2195d643f2c37.jpg,20990.00,"Rs. 20,990",0,Nepal
Nokia 125  Bar Phone,//www.daraz.com.np/products/nokia-125-bar-phone-i104108548-s1024940177.html?search=1,https://static-01.daraz.com.np/p/611cb181db1db637c7d8016b34e3184d.jpg,3099.00,"Rs. 3,099",0,Nepal
"Colors F026 (FM Radio, 2400mah Big-Battery, MP3/MP4, Torch Light )",//www.daraz.com.np/products/colors-mobile-f026-keypad-bar-phone-with-fm-radio-2400mah-big-battery-mp3mp4-torch-light-i100026548-s1024922621.html?search=1,https://static-01.daraz.com.np/p/62611d95db4f5d997aecc35e545d6044.jpg,1950.00,"Rs. 1,950",3,Nepal
Nokia C-2 / 1 GB / 16 GB/ 5MP,//www.daraz.com.np/products/nokia-c-2-1-gb-16-gb-5mp-i104108544-s1024928587.html?search=1,https://static-01.daraz.com.np/p/867510bab97399cde308a63312f1515a.jpg,9299.00,"Rs. 9,299",0,Nepal
"KECHAODA K10 (32 MB RAM, 32 MB ROM) 0.66 Screen Feature Phone",//www.daraz.com.np/products/kechaoda-k10-32-mb-ram-32-mb-rom-066-screen-feature-phone-i100218543-s1020473599.html?search=1,https://static-01.daraz.com.np/p/de2700f5396883c5a61d5de0d1906eda.jpg,2200.00,"Rs. 2,200",5,Nepal
Colors Cl101 Keypad Phone With Wireless Fm & Vibator,//www.daraz.com.np/products/colors-cl101-keypad-phone-with-wireless-fm-radio-i103462423-s1024198562.html?search=1,https://static-01.daraz.com.np/p/3e7b5f2c2032b5dd9e89a012c754fc2c.jpg,1100.00,"Rs. 1,100",0,Nepal
Apple iPhone 7 Plus 128GB,//www.daraz.com.np/products/apple-iphone-7-plus-128gb-i28274-s1023903042.html?search=1,https://static-01.daraz.com.np/p/e3c77efcf08b45c1e3b4417c30823fb6.jpg,58000.00,"Rs. 58,000",0,Bagmati
"Samsung Galaxy M31 [128GB ROM 64MP + 8MP + 5MP + 5MP rear camera | 32MP front facing camera, 6000mAh Battery]",//www.daraz.com.np/products/samsung-galaxy-m31-128gb-rom-64mp-8mp-5mp-5mp-rear-camera-32mp-front-facing-camera-6000mah-battery-i104064074-s1024862130.html?search=1,https://static-01.daraz.com.np/p/3a4d18d940227633b5caf416bc83dc07.jpg,35699.00,"Rs. 35,699",0,Nepal
Oppo A5S [2GB Ram + 32GB Rom],//www.daraz.com.np/products/oppo-a5s-2gb-ram-32gb-rom-i101260254-s1022002312.html?search=1,https://static-01.daraz.com.np/p/32eea7d7437d3b4747ca35300ae067d9.jpg,16790.00,"Rs. 16,790",4,Nepal
Samsung Galaxy M21 // 48MP (F2.0) Main Camera +8MP (F2.2) Ultra Wide Camera +5MP(F2.2) Depth Camera | 20MP (F2.2) front facing camera,//www.daraz.com.np/products/samsung-galaxy-m21-48mp-f20-main-camera-8mp-f22-ultra-wide-camera-5mpf22-depth-camera-20mp-f22-front-facing-camera-i104056497-s1024838873.html?search=1,https://static-01.daraz.com.np/p/7ad9ce5689577f2f552b8d9be16d96ab.jpg,22999.00,"Rs. 22,999",0,Nepal
Vivo Y12 3GB RAM 64GB Memory 5000mAh Battery with triple Camera,//www.daraz.com.np/products/vivo-y12-3gb-ram-64gb-memory-5000mah-battery-with-triple-camera-i101390767-s1022184696.html?search=1,https://static-01.daraz.com.np/p/079b8bc0e060d63948224aa2b5dbed98.jpg,20961.00,"Rs. 20,961",0,Nepal
"Samsung M21 [4GB//64GB or 6GB//128GB] -48MP Tripple Rear Camera, 6000mAH Monster Battery",//www.daraz.com.np/products/samsung-m21-4gb64gb-or-6gb128gb-48mp-tripple-rear-camera-6000mah-monster-battery-i104068045-s1024862144.html?search=1,https://static-01.daraz.com.np/p/9e3b22078f459eb216e6d7f6c789a083.jpg,27499.00,"Rs. 27,499",0,Nepal
Samsung A21s / 4GB / 64GB,//www.daraz.com.np/products/samsung-a21s-4gb-64gb-i104080140-s1024884568.html?search=1,https://static-01.daraz.com.np/p/f4f42cfda843ea21b288d5fccf6aa132.jpg,24999.00,"Rs. 24,999",0,Nepal
Nokia 105 Barphone Single Sim,//www.daraz.com.np/products/nokia-105-barphone-single-sim-i104106524-s1024936529.html?search=1,https://static-01.daraz.com.np/p/08739692f79c5b3506bacd7b3ec46948.jpg,1799.00,"Rs. 1,799",0,Nepal
Nokia 105 Single Sim (2019) 4Th Edition,//www.daraz.com.np/products/nokia-105-single-sim-2019-4th-edition-i104048524-s1024844349.html?search=1,https://static-01.daraz.com.np/p/fb6a501828b17d2490c91f26cbd42d4a.jpg,2155.00,"Rs. 2,155",0,Nepal
micromax X372,//www.daraz.com.np/products/micromax-x372-i104076521-s1024894126.html?search=1,https://static-01.daraz.com.np/p/b6ac9e377549cb8a03cbc63d69c1b11c.jpg,980.00,Rs. 980,0,Nepal
Nokia 3310,//www.daraz.com.np/products/nokia-3310-i104112520-s1024940201.html?search=1,https://static-01.daraz.com.np/p/456028ec30288b0149561cdc59bf26f0.jpg,5750.00,"Rs. 5,750",0,Nepal
iTel P11 RAM 1 And  ROM 8,//www.daraz.com.np/products/itel-p11-ram-1-and-rom-8-i101404728-s1022208389.html?search=1,https://static-01.daraz.com.np/p/eb73a733f6d6d28c74b26f9b7b88c34e.jpg,10050.00,"Rs. 10,050",0,Nepal
Pearltech Pride 2 Dual Sim 2.4 Display Facebook Compatible Phone,//www.daraz.com.np/products/pearltech-pride-2-dual-sim-24-display-facebook-compatible-phone-i102958725-s1023702101.html?search=1,https://static-01.daraz.com.np/p/8852ac99c9caa0af15cacf024a36b348.jpg,1500.00,"Rs. 1,500",0,Nepal
Salora C1,//www.daraz.com.np/products/salora-c1-i100798725-s1021304400.html?search=1,https://static-01.daraz.com.np/p/aa25953b5a29f98a005c119e8d8cf958.jpg,1700.00,"Rs. 1,700",0,Nepal
Opal Wind E28 2.8  Display 2000 mAH Battery Phone,//www.daraz.com.np/products/opal-wind-e28-28-display-2000-mah-battery-phone-i102959723-s1023700000.html?search=1,https://static-01.daraz.com.np/p/a2d3c3c9691aafc2ff9563697494b0ca.jpg,2000.00,"Rs. 2,000",0,Nepal
ONYX MINI SIM MOBILE PHONE (6850MAH) POWER BANK FUNCTION,//www.daraz.com.np/products/onyx-mini-sim-mobile-phone-6850mah-power-bank-function-i30768-s1021084517.html?search=1,https://static-01.daraz.com.np/p/dc21bbd9896d871e5e1a75156cbe9943.jpg,3000.00,"Rs. 3,000",3,Bagmati
Diamond D632 Dual Sim Phone,//www.daraz.com.np/products/diamond-d632-dual-sim-phone-i102962760-s1023706083.html?search=1,https://static-01.daraz.com.np/p/d2494bab6b1c9f9ad05ac55eaaa029df.jpg,1500.00,"Rs. 1,500",0,Nepal
Vivo Y30 / 4GB / 128GB,//www.daraz.com.np/products/vivo-y30-4gb-128gb-i104078218-s1024872968.html?search=1,https://static-01.daraz.com.np/p/5a43f46f9f87185215f93834f6ca2683.png,24509.00,"Rs. 24,509",0,Nepal
Realme C1 RAM 2 And ROM 16 GB,//www.daraz.com.np/products/realme-c1-ram-2-and-rom-16-gb-i101386218-s1022164804.html?search=1,https://static-01.daraz.com.np/p/9180f9f09857834c3fc966080e183844.jpg,14000.00,"Rs. 14,000",0,Nepal
MAXXAGE RD 01 1200 Black Green Dual SIM Mobile with 1050 MAH Battery with ONE Year Warranty,//www.daraz.com.np/products/maxxage-rd-01-1200-black-green-dual-sim-mobile-with-1050-mah-battery-with-one-year-warranty-i104040214-s1024810850.html?search=1,https://static-01.daraz.com.np/p/fc2ef516a6faca0747c6ca3084652363.jpg,1200.00,"Rs. 1,200",0,Nepal
Mi 10 [8GB RAM // 256GB ROM] - 108MP Quad Camera with OIS,//www.daraz.com.np/products/mi-10-8gb-ram-256gb-rom-108mp-quad-camera-with-ois-i104044849-s1024846635.html?search=1,https://static-01.daraz.com.np/p/3eab9e1ed0c5901fb0151aa03bb62828.jpg,89999.00,"Rs. 89,999",0,Nepal
"Oppo A5s (2GB RAM, 32 GB ROM)",//www.daraz.com.np/products/oppo-a5s-2gb-ram-32-gb-rom-i103450840-s1024198201.html?search=1,https://static-01.daraz.com.np/p/4d111ece8d2c088065bbfd54f959c77d.jpg,16749.00,"Rs. 16,749",0,Nepal
Samsung A20S Mobile Phone[3 GB RAM /32 GB ROM],//www.daraz.com.np/products/samsung-a20s-mobile-phone3-gb-ram-32-gb-rom-i103052445-s1023827944.html?search=1,https://static-01.daraz.com.np/p/267c327294109628c70cd789350d602d.jpg,20690.00,"Rs. 20,690",0,Nepal
Premiere 1,//www.daraz.com.np/products/premiere-1-i104044444-s1024842807.html?search=1,https://static-01.daraz.com.np/p/77296695d41b2d456f75ed94c9f6e748.jpg,1249.00,"Rs. 1,249",0,Nepal
Tambo 1806 Barphone,//www.daraz.com.np/products/tambo-1806-barphone-i101414442-s1022208353.html?search=1,https://static-01.daraz.com.np/p/28a54de81c5fa5dbe8ec4b926c385ef1.jpg,1200.00,"Rs. 1,200",5,Nepal
Black/Green Diamond D-543 Mobile,//www.daraz.com.np/products/blackgreen-diamond-d-543-mobile-i103720440-s1024428099.html?search=1,https://static-01.daraz.com.np/p/842a0a73548a4a773d6551ffec7c7183.jpg,1300.00,"Rs. 1,300",0,Nepal
OPPO A1K 2GB RAM 32GB ROM,//www.daraz.com.np/products/oppo-a1k-2gb-ram-32gb-rom-i103094817-s1024186624.html?search=1,https://static-01.daraz.com.np/p/fa28cc70e54ded1d70d17e9de4245d4d.jpg,15490.00,"Rs. 15,490",0,Nepal
"Vivo S1 Pro 8GB RAM 128GB ROM 48mp+8mp+2mp+2mpBack, 32mp Front Camera, 6.38inch 4500mAh Battery",//www.daraz.com.np/products/vivo-s1-pro-8gb-ram-128gb-rom-48mp8mp2mp2mpback-32mp-front-camera-638inch-4500mah-battery-i103270812-s1024015713.html?search=1,https://static-01.daraz.com.np/p/5b9ada177d30f58b98e875b4f4fcd8da.jpg,34990.00,"Rs. 34,990",0,Nepal
"Oppo A9 2020 (8 GB RAM,128 GB ROM)",//www.daraz.com.np/products/oppo-a9-2020-8-gb-ram128-gb-rom-i103446811-s1024190541.html?search=1,https://static-01.daraz.com.np/p/c2d8910b0f3f5d0932c3c50c9453b258.jpg,33499.00,"Rs. 33,499",0,Nepal
"NOKIA 110 DS - Black (Dual Sim, 800mAh Battery, 1.77  Display)",//www.daraz.com.np/products/nokia-110-ds-black-dual-sim-800mah-battery-177-display-i103154811-s1023911166.html?search=1,https://static-01.daraz.com.np/p/59b9ee98a448caef7b52405ced21db72.jpg,2499.00,"Rs. 2,499",5,Nepal
"Itel 2163 bar phone ,1.8 display strong bar phone",//www.daraz.com.np/products/itel-2163-bar-phone-18-display-strong-bar-phone-i102952811-s1023693645.html?search=1,https://static-01.daraz.com.np/p/d14ca0aad5b7b71c64c5d19e7e1daf55.jpg,1000.00,"Rs. 1,000",3,Nepal
Doogee X50 (1 GB RAM / 8 GB ROM) 5 Inch Screen,//www.daraz.com.np/products/doogee-x50-1-gb-ram-8-gb-rom-5-inch-screen-i100270519-s1020526738.html?search=1,https://static-01.daraz.com.np/p/1770c25749c91bdb3fb54b6e68dadc26.jpg,8700.00,"Rs. 8,700",0,Nepal
VGO TEL i231 Monile (2000Mah Battery),//www.daraz.com.np/products/vgo-tel-i231-monile-2000mah-battery-i101096512-s1021662879.html?search=1,https://static-01.daraz.com.np/p/2e2d38dce800b7db5e358baa642194df.jpg,999.00,Rs. 999,3,Bagmati
Nokia 150 Barphone,//www.daraz.com.np/products/nokia-150-barphone-i104106511-s1024928597.html?search=1,https://static-01.daraz.com.np/p/7a5cc7dc14eedce32001b698cf81d00c.jpg,3500.00,"Rs. 3,500",0,Nepal
Moto e4+,//www.daraz.com.np/products/moto-e4-i100340511-s1020616722.html?search=1,https://static-01.daraz.com.np/p/6a9627c89c090a0b27e2195d643f2c37.jpg,20990.00,"Rs. 20,990",0,Nepal
Nokia 125  Bar Phone,//www.daraz.com.np/products/nokia-125-bar-phone-i104108548-s1024940177.html?search=1,https://static-01.daraz.com.np/p/611cb181db1db637c7d8016b34e3184d.jpg,3099.00,"Rs. 3,099",0,Nepal
"Colors F026 (FM Radio, 2400mah Big-Battery, MP3/MP4, Torch Light )",//www.daraz.com.np/products/colors-mobile-f026-keypad-bar-phone-with-fm-radio-2400mah-big-battery-mp3mp4-torch-light-i100026548-s1024922621.html?search=1,https://static-01.daraz.com.np/p/62611d95db4f5d997aecc35e545d6044.jpg,1950.00,"Rs. 1,950",3,Nepal
Nokia C-2 / 1 GB / 16 GB/ 5MP,//www.daraz.com.np/products/nokia-c-2-1-gb-16-gb-5mp-i104108544-s1024928587.html?search=1,https://static-01.daraz.com.np/p/867510bab97399cde308a63312f1515a.jpg,9299.00,"Rs. 9,299",0,Nepal
"KECHAODA K10 (32 MB RAM, 32 MB ROM) 0.66 Screen Feature Phone",//www.daraz.com.np/products/kechaoda-k10-32-mb-ram-32-mb-rom-066-screen-feature-phone-i100218543-s1020473599.html?search=1,https://static-01.daraz.com.np/p/de2700f5396883c5a61d5de0d1906eda.jpg,2200.00,"Rs. 2,200",5,Nepal
Ziox Surya | 1.8‚Äù | Dual Sim | Big Battery 1800 mAh | Full Multimedia |,//www.daraz.com.np/products/ziox-surya-18-dual-sim-big-battery-1800-mah-full-multimedia-i104050541-s1024848180.html?search=1,https://static-01.daraz.com.np/p/afa18c00269f582b2869763accd4cac0.jpg,1500.00,"Rs. 1,500",0,Nepal
Nokia 105 DS Dual sim,//www.daraz.com.np/products/nokia-105-ds-dual-sim-i103181541-s1023919405.html?search=1,https://static-01.daraz.com.np/p/f294a72206709a2f5d04c131ee9f7d92.jpg,1900.00,"Rs. 1,900",4.85714,Nepal
KECHAODA K115 1.44 Inch 460mAh bluetooth Dailer FM With Vibration Dual SIM Card Dual Standby Ultra Thin Mini Card Phone,//www.daraz.com.np/products/kechaoda-k115-144-inch-460mah-bluetooth-dailer-fm-with-vibration-dual-sim-card-dual-standby-ultra-thin-mini-card-phone-i101442541-s1022228446.html?search=1,https://static-01.daraz.com.np/p/74b73af642f92a95674aadd137b007e9.jpg,2100.00,"Rs. 2,100",0,Nepal
"PearlTech UNIQUE 2 Smartphone 6.26 Inch HD+ Display With Water Drop Screen Finger Print Face ID, 2GB Ram 16GB Rom And 1 Year Warrenty",//www.daraz.com.np/products/pearltech-unique-2-smartphone-626-inch-hd-display-with-water-drop-screen-finger-print-face-id-2gb-ram-16gb-rom-and-1-year-warrenty-i103310617-s1024370786.html?search=1,https://static-01.daraz.com.np/p/d5def9fc920aa264c8420c515b5ebe9f.jpg,7999.00,"Rs. 7,999",1,Nepal
Diamond Bar Phone D543,//www.daraz.com.np/products/diamond-bar-phone-d543-i101352099-s1022098076.html?search=1,https://static-01.daraz.com.np/p/bc4a625f034e73f7419b6416979cdbc8.jpg,1050.00,"Rs. 1,050",0,Nepal
Oppo A52 - 4GB RAM 128GB ROM,//www.daraz.com.np/products/oppo-a52-4gb-ram-128gb-rom-i104100098-s1024912182.html?search=1,https://static-01.daraz.com.np/p/10aea1f216220200d20ef8bee1c4ccfe.jpg,29990.00,"Rs. 29,990",0,Nepal
Samsung S20 Ultra -12GB RAM 512GB ROM,//www.daraz.com.np/products/samsung-s20-ultra-12gb-ram-512gb-rom-i104060095-s1024866049.html?search=1,https://static-01.daraz.com.np/p/fcaa328013b49de0b5c3366b653fb846.jpg,159999.00,"Rs. 159,999",0,Nepal
"iVOOMi IV301 Smartphone With 5 Inch Display,1GB Ram 8GB Rom 1 Year Warrenty",//www.daraz.com.np/products/ivoomi-iv301-smartphone-with-5-inch-display1gb-ram-8gb-rom-1-year-warrenty-i103552091-s1024276823.html?search=1,https://static-01.daraz.com.np/p/1a0886a96ffab65fac1431534b1842ee.jpg,5490.00,"Rs. 5,490",0,Nepal
Diamond I1 4GB Internal Face Unlock 5.0  Display 1800mAH Smart Phone,//www.daraz.com.np/products/diamond-i1-4gb-internal-face-unlock-50-display-1800mah-smart-phone-i102962649-s1023700936.html?search=1,https://static-01.daraz.com.np/p/a1d6068e7aec10243a2b231cac64acd6.jpg,6000.00,"Rs. 6,000",0,Nepal
"VITU CRO 1 4G Smartphone With, 6.26 Inch Display,Water Drop Screen,Face ID, 2GB Ram 16GB Rom",//www.daraz.com.np/products/vitu-cro-1-4g-smartphone-with-626-inch-displaywater-drop-screenface-id-2gb-ram-16gb-rom-i103139648-s1023896386.html?search=1,https://static-01.daraz.com.np/p/30dae6ca651b84b4f06bf6aacc4ae34c.jpg,6390.00,"Rs. 6,390",3.4,Nepal
itel A 23 RAM 1 And ROM 8,//www.daraz.com.np/products/itel-a-23-ram-1-and-rom-8-i101368645-s1022158391.html?search=1,https://static-01.daraz.com.np/p/2d2a39eb87bb7b8ab64210143aacf787.jpg,9500.00,"Rs. 9,500",0,Nepal
"Nokia C1 Dual Sim (Ram-1Gb, Rom-16Gb, 5.45 Display)",//www.daraz.com.np/products/nokia-c1-dual-sim-ram-1gb-rom-16gb-545-display-i104094989-s1024914688.html?search=1,https://static-01.daraz.com.np/p/fa015e3817847560746459a7634ea420.jpg,7199.00,"Rs. 7,199",0,Nepal
"Micromax Bolt Ultra 2 (1GB RAM, 16GB Storage)",//www.daraz.com.np/products/micromax-bolt-ultra-2-1gb-ram-16gb-storage-i104052988-s1024854988.html?search=1,https://static-01.daraz.com.np/p/e55374c8f12bff12faa3f8b12ceee3d6.jpg,6990.00,"Rs. 6,990",0,Nepal
Diamond D632 Dual Sim Phone,//www.daraz.com.np/products/diamond-d632-dual-sim-phone-i103322984-s1024063165.html?search=1,https://static-01.daraz.com.np/p/8db0ca996f6e9516eb547926fae7cc29.jpg,1799.00,"Rs. 1,799",0,Nepal
"Vitu V2 Smartphone (2 GB RAM, 16 GB ROM) 5.5 Screen",//www.daraz.com.np/products/vitu-v2-smartphone-2-gb-ram-16-gb-rom-55-screen-i100934984-s1021470891.html?search=1,https://static-01.daraz.com.np/p/07a94895021d9ae17bcac5340fca767d.jpg,6000.00,"Rs. 6,000",1,Nepal
DTC CANDY PRO B32 [18 Days Stand-By*],//www.daraz.com.np/products/dtc-candy-pro-b32-18-days-stand-by-i103990981-s1024770316.html?search=1,https://static-01.daraz.com.np/p/3a179d4507fd4834a317e9170b29b06d.jpg,1490.00,"Rs. 1,490",0,Nepal
"Pearl Tech Premiere2 Feature Phone With Dual Sim,Camera, Torch, Wireless FM And Multimedia",//www.daraz.com.np/products/pearl-tech-premiere2-feature-phone-with-dual-simcamera-torch-wireless-fm-and-multimedia-i103572981-s1024310005.html?search=1,https://static-01.daraz.com.np/p/a4211ea01ed19fb03ae9d1cdc74b840d.jpg,1490.00,"Rs. 1,490",0,Nepal
Black/White Starlight M09 Keypad Mobile Phone,//www.daraz.com.np/products/blackwhite-starlight-m09-keypad-mobile-phone-i103722347-s1024432004.html?search=1,https://static-01.daraz.com.np/p/fe3ce00b150316b8a25f62c6d8d01e6e.jpg,1250.00,"Rs. 1,250",0,Nepal
Nokia N3310,//www.daraz.com.np/products/nokia-n3310-i103638347-s1024346847.html?search=1,https://static-01.daraz.com.np/p/9e1f82698f95db069eb484b219b6051b.jpg,6200.00,"Rs. 6,200",0,Nepal
Black/Orange WF2 Kivi Keypad Mobile Phone,//www.daraz.com.np/products/blackorange-wf2-kivi-keypad-mobile-phone-i103722346-s1024432003.html?search=1,https://static-01.daraz.com.np/p/3b3115632d7eaf4abb23d4c1a8e0312a.jpg,1000.00,"Rs. 1,000",0,Nepal
Black/Grey DTC B32 Candy Pro Keypad,//www.daraz.com.np/products/blackgrey-dtc-b32-candy-pro-keypad-i103722345-s1024432002.html?search=1,https://static-01.daraz.com.np/p/452bca719c7a5ed0eb7c41b4f499e942.jpg,2200.00,"Rs. 2,200",0,Nepal
"PearlTech UNIQUE 1 Smartphone 6.26 Inch HD+ Display, Face ID, 2GB Ram 16GB Rom With 1 Year Warrenty.",//www.daraz.com.np/products/pearltech-unique-1-smartphone-626-inch-hd-display-face-id-2gb-ram-16gb-rom-with-1-year-warrenty-i103574345-s1024304306.html?search=1,https://static-01.daraz.com.np/p/a4b3c6b609053cf1c0929f375b4c3a01.jpg,7640.00,"Rs. 7,640",0,Nepal
Nokia 105 Dual Sim (2019) 4Th Edition,//www.daraz.com.np/products/nokia-105-dual-sim-2019-4th-edition-i103253345-s1024006166.html?search=1,https://static-01.daraz.com.np/p/08739692f79c5b3506bacd7b3ec46948.jpg,2050.00,"Rs. 2,050",4.5,Nepal
Diamond Brilliant Plus Face Id Set-up 4 Gb Android Phone,//www.daraz.com.np/products/diamond-brilliant-plus-face-id-set-up-4-gb-android-phone-i102963657-s1023696952.html?search=1,https://static-01.daraz.com.np/p/c92d825b41d7238a6902e98ed55e7ce9.jpg,7000.00,"Rs. 7,000",0,Nepal
"KECHAODA K10 (32 MB RAM, 32 MB ROM) 0.66  Screen Feature Phone",//www.daraz.com.np/products/kechaoda-k10-32-mb-ram-32-mb-rom-066-screen-feature-phone-i103644656-s1024360139.html?search=1,https://static-01.daraz.com.np/p/23241539fe16a4426dc039a8e558e9fa.jpg,3000.00,"Rs. 3,000",0,Nepal
Tecno WX 4  Ram 1 And Rom 16,//www.daraz.com.np/products/tecno-wx-4-ram-1-and-rom-16-i101368656-s1022154574.html?search=1,https://static-01.daraz.com.np/p/5cf8a5fa3623cd9ca588a04bad6e0115.jpg,14000.00,"Rs. 14,000",0,Nepal
Mobile Phone World's Smallest Set,//www.daraz.com.np/products/mobile-phone-worlds-smallest-set-i103376655-s1024100461.html?search=1,https://static-01.daraz.com.np/p/036cae43d4099963f2396fe08d3880b2.jpg,3000.00,"Rs. 3,000",0,Nepal
"Vivo Y11 3GB RAM 32GB ROM 13+2mp Back, 8mp Front Camera, 6.35inch  5000mAh Battery + Free Earphone",//www.daraz.com.np/products/vivo-y11-3gb-ram-32gb-rom-132mp-back-8mp-front-camera-635inch-5000mah-battery-free-earphone-i103054654-s1023829530.html?search=1,https://static-01.daraz.com.np/p/19ce76f19d3b687666b03cdafce5e590.jpg,18900.00,"Rs. 18,900",0,Nepal
lava Arc 109 with Battery Backup Bar Phone + Camera,//www.daraz.com.np/products/lava-arc-109-with-battery-backup-bar-phone-camera-i102951787-s1023689594.html?search=1,https://static-01.daraz.com.np/p/5c91ba2605913de391f170fcfe27f28c.jpg,1550.00,"Rs. 1,550",5,Nepal
KECHAODA k115 32 MB,//www.daraz.com.np/products/kechaoda-k115-32-mb-i103640759-s1024362117.html?search=1,https://static-01.daraz.com.np/p/b2b0f4ccceb7f609c61d84a5ee0e05ab.jpg,2500.00,"Rs. 2,500",0,Nepal
Nokia 105 Single Sim (4th Edition - 2019) Feature Phone (4MB RAM),//www.daraz.com.np/products/nokia-105-single-sim-4th-edition-2019-feature-phone-4mb-ram-i104104758-s1024934799.html?search=1,https://static-01.daraz.com.np/p/1dd98169b465610c134da70967e6f618.png,1799.00,"Rs. 1,799",0,Nepal
"Pearl Tech Premiere3 Feature Phone With Dual Sim,Camera, Torch, Wireless FM And Multimedia",//www.daraz.com.np/products/pearl-tech-premiere3-feature-phone-with-dual-simcamera-torch-wireless-fm-and-multimedia-i102958755-s1023702142.html?search=1,https://static-01.daraz.com.np/p/41aadfb5475058fca705d779affa83cc.jpg,1200.00,"Rs. 1,200",0,Nepal
Diamond D 20  2 RAM  And  16 ROM,//www.daraz.com.np/products/diamond-d-20-2-ram-and-16-rom-i101358753-s1022150653.html?search=1,https://static-01.daraz.com.np/p/0288c9d3974735206320cdce38e27982.jpg,9000.00,"Rs. 9,000",0,Nepal
QMobile Super Star Music 2.4 inch LCD screen with a smart camera.,//www.daraz.com.np/products/qmobile-super-star-music-24-inch-lcd-screen-with-a-smart-camera-i103644698-s1024356241.html?search=1,https://static-01.daraz.com.np/p/1a40b728d41d306df4b90578b783a293.jpg,2600.00,"Rs. 2,600",0,Nepal
Vivo S1 (6+128GB),//www.daraz.com.np/products/vivo-s1-6128gb-i103300698-s1024040532.html?search=1,https://static-01.daraz.com.np/p/84998c4dea47e8fa5f85f0056570192b.jpg,33590.00,"Rs. 33,590",0,Nepal
"Nokia 2.2 (3GB RAM, 32GB ROM) Smartphone",//www.daraz.com.np/products/nokia-22-3gb-ram-32gb-rom-smartphone-i104046695-s1024854326.html?search=1,https://static-01.daraz.com.np/p/fe36df06715607c08f3e4d0d007cd296.jpg,14500.00,"Rs. 14,500",0,Nepal
Honor 10 Lite 3 RAM And ROM 64,//www.daraz.com.np/products/honor-10-lite-3-ram-and-rom-64-i101308690-s1022036729.html?search=1,https://static-01.daraz.com.np/p/5b76dc81226be820a732e37400d89b0d.jpg,20900.00,"Rs. 20,900",0,Nepal
Samsung Galaxy A51 -6GB RAM // 128GB ROM // 48MP Quad Camera,//www.daraz.com.np/products/samsung-galaxy-a51-6gb-ram-128gb-rom-48mp-quad-camera-i104066037-s1024864076.html?search=1,https://static-01.daraz.com.np/p/5f84ae04f94698f99391cba1858e9c2b.jpg,39999.00,"Rs. 39,999",0,Nepal
"Nokia 1 - (1GB RAM, 8 GB ROM) Smartphone",//www.daraz.com.np/products/nokia-1-1gb-ram-8-gb-rom-smartphone-i103224037-s1023972028.html?search=1,https://static-01.daraz.com.np/p/99a4d545ced93eeee0f8fde47241fce2.jpg,5800.00,"Rs. 5,800",5,Nepal
Micromax X791,//www.daraz.com.np/products/micromax-x791-i104024035-s1024798233.html?search=1,https://static-01.daraz.com.np/p/2a9ce2c0e5745232e3f8e47cf7d1d69d.jpg,2142.00,"Rs. 2,142",0,Nepal
Micromax X730,//www.daraz.com.np/products/micromax-x730-i104022033-s1024800325.html?search=1,https://static-01.daraz.com.np/p/30ac421894997cc9d1a76221ff2022a8.jpg,1299.00,"Rs. 1,299",0,Nepal
Micromax X512,//www.daraz.com.np/products/micromax-x512-i104022030-s1024794274.html?search=1,https://static-01.daraz.com.np/p/bb7cd12feead358736f860852defbde4.jpg,1099.00,"Rs. 1,099",0,Nepal
"Nokia 2.1 - (1 GB RAM, 8 GB ROM) Smartphone",//www.daraz.com.np/products/nokia-21-1-gb-ram-8-gb-rom-smartphone-i103266028-s1024003861.html?search=1,https://static-01.daraz.com.np/p/cabcedfbe05392995a572ce266b543f7.jpg,11000.00,"Rs. 11,000",0,Nepal
Nokia 110 Bar Phone Dual Sim Black,//www.daraz.com.np/products/nokia-110-bar-phone-dual-sim-black-i103562025-s1024282017.html?search=1,https://static-01.daraz.com.np/p/32b7b11ba7aa1e91a9644614ddc62d1e.jpg,2490.00,"Rs. 2,490",0,Nepal
"iVOOMi IV203 Feature Phone With Dual Sim,Camera,Torch, Wireless FM ,Multimedia Upto 8GB Memory Support",//www.daraz.com.np/products/ivoomi-iv203-feature-phone-with-dual-simcameratorch-wireless-fm-multimedia-upto-8gb-memory-support-i103558025-s1024276825.html?search=1,https://static-01.daraz.com.np/p/e4e54d79ff79263cc11ea3215a070895.jpg,1699.00,"Rs. 1,699",0,Nepal
Samsung Galaxy S8 Plus 4GB RAM 64GB ROM,//www.daraz.com.np/products/samsung-galaxy-s8-plus-4gb-ram-64gb-rom-i100842025-s1021378025.html?search=1,https://static-01.daraz.com.np/p/d6b7519ce9a9584208b29ae48ff875db.jpg,86500.00,"Rs. 86,500",0,Nepal
Kechaoda  mobile,//www.daraz.com.np/products/kechaoda-mobile-i103672023-s1024388013.html?search=1,https://static-01.daraz.com.np/p/caba2e8e199add786ff97beb715f55ae.jpg,3000.00,"Rs. 3,000",0,Nepal
KECHAODA k115 32 MB CARD MOBILE,//www.daraz.com.np/products/kechaodo-k115-32-mb-card-mobile-i103684021-s1024390729.html?search=1,https://static-01.daraz.com.np/p/5e0e183e8096eccdecefa7aa70f7c903.jpg,2500.00,"Rs. 2,500",0,Nepal
"VITU CRO 2 4G Smartphone With, 6.26 Inch Display,Water Drop Screen,Finger Print Face ID, 2GB Ram 16GB Rom",//www.daraz.com.np/products/vitu-cro-2-4g-smartphone-with-626-inch-displaywater-drop-screenfinger-print-face-id-2gb-ram-16gb-rom-i103562020-s1024280103.html?search=1,https://static-01.daraz.com.np/p/3b76f2c147764ae992cfa5bbd33ffe86.jpg,7650.00,"Rs. 7,650",5,Nepal
Jivi X111 Bar Phone,//www.daraz.com.np/products/jivi-x111-bar-phone-i101356106-s1022102081.html?search=1,https://static-01.daraz.com.np/p/95a2e116493a2dda2442831d5767c1a3.jpg,1500.00,"Rs. 1,500",0,Nepal
"Nokia 2.2 (2GB RAM, 16GB ROM)  Smartphone",//www.daraz.com.np/products/nokia-22-2gb-ram-16gb-rom-smartphone-i104034105-s1024810600.html?search=1,https://static-01.daraz.com.np/p/8f5f0741da1c1e6f031c5f42fbaea68c.jpg,10999.00,"Rs. 10,999",4.5,Nepal
Colors CL110 Music,//www.daraz.com.np/products/colors-cl110-music-i100356105-s1020634394.html?search=1,https://static-01.daraz.com.np/p/ee01bfaa721629f6e3e1f883fa045e13.jpg,1500.00,"Rs. 1,500",4.33333,Bagmati
Jivi JFP N6600 Bar Phone,//www.daraz.com.np/products/jivi-jfp-n6600-bar-phone-i101356104-s1022102079.html?search=1,https://static-01.daraz.com.np/p/f3311bdcff1e08ccbbe9e615e004b261.jpg,1600.00,"Rs. 1,600",0,Nepal
Jivi Energy E12 Mobile Phone,//www.daraz.com.np/products/jivi-energy-e12-mobile-phone-i101352102-s1022098079.html?search=1,https://static-01.daraz.com.np/p/ae8057797a9bf622cbaab01b7f7ca181.jpg,5200.00,"Rs. 5,200",0,Nepal
Samsung Galaxy M11 3GB RAM 32GB Memory,//www.daraz.com.np/products/samsung-galaxy-m11-3gb-ram-32gb-memory-i104060101-s1024862122.html?search=1,https://static-01.daraz.com.np/p/518a1d25e9d8b7bf2034501073408efa.jpg,18999.00,"Rs. 18,999",0,Nepal
Samsung M11,//www.daraz.com.np/products/samsung-m11-i104016100-s1024790125.html?search=1,https://static-01.daraz.com.np/p/bdbdae0375cc71abf5d920886760dd5f.jpg,18999.00,"Rs. 18,999",0,Nepal
ONYX Mini SIM Feature Phone (6850MAH) Power Bank Function,//www.daraz.com.np/products/onyx-mini-sim-feature-phone-6850mah-power-bank-function-i100103328-s1021064645.html?search=1,https://static-01.daraz.com.np/p/37e92e96bbd651f02a8570de179bda32.jpg,3000.00,"Rs. 3,000",3,Bagmati
Bluetooth Mobile Phone Kechaoda K10,//www.daraz.com.np/products/bluetooth-mobile-phone-kechaoda-k10-i100025327-s1019405319.html?search=1,https://static-01.daraz.com.np/p/d4c36358848cd740e404cadb454d4124.jpg,2000.00,"Rs. 2,000",3.66667,Bagmati
"Vivo Y11 3GB RAM 32GB ROM 13+2mp Back, 8mp Front Camera, 6.35inch 5000mAh Battery",//www.daraz.com.np/products/vivo-y11-3gb-ram-32gb-rom-132mp-back-8mp-front-camera-635inch-5000mah-battery-i104044323-s1024842373.html?search=1,https://static-01.daraz.com.np/p/1172f7389328879e953faf3c272e2e9c.jpg,19490.00,"Rs. 19,490",0,Nepal
Alcatel 2053D Dual Sim Feature Phone - White,//www.daraz.com.np/products/alcatel-2053d-dual-sim-feature-phone-white-i101022323-s1021568098.html?search=1,https://static-01.daraz.com.np/p/a06faf177ddc88c72efe5350bdb8f24a.jpg,3590.00,"Rs. 3,590",4.4,Nepal
Nokia 105 Single Sim (2019) 4Th Edition,//www.daraz.com.np/products/nokia-105-single-sim-2019-4th-edition-i103255321-s1024005246.html?search=1,https://static-01.daraz.com.np/p/b2279ae9d39d5bbcb79c3e8d1b7689e8.jpg,1950.00,"Rs. 1,950",0,Nepal
Kechaoda K116 Ultra Slimmest ATM Size Phone,//www.daraz.com.np/products/kechaoda-k116-ultra-slimmest-atm-size-phone-i17320-s52705.html?search=1,https://static-01.daraz.com.np/original/b710595f025429eabb35a2cf1ca681bc.jpg,2499.00,"Rs. 2,499",4.6,Bagmati
One Plus 7(8GB Ram/256GB Rom) Optic AMOLED 6.41 inch Display With Snapdragon 855 Qualcomm,//www.daraz.com.np/products/one-plus-78gb-ram256gb-rom-optic-amoled-641-inch-display-with-snapdragon-855-qualcomm-i101266866-s1022014127.html?search=1,https://static-01.daraz.com.np/p/d53a3cd7bef9280415b3d9688f515cce.jpg,80000.00,"Rs. 80,000",0,Nepal
Nokia 216 Feature Phone,//www.daraz.com.np/products/nokia-216-feature-phone-i103498862-s1024240736.html?search=1,https://static-01.daraz.com.np/p/442d5584772bcf5a959a61b861198339.jpg,3600.00,"Rs. 3,600",0,Nepal
gava mobile phone,//www.daraz.com.np/products/gava-mobile-phone-i103662716-s1024378509.html?search=1,https://static-01.daraz.com.np/p/660b1761521f631aa7c1b0b02305c80a.jpg,2800.00,"Rs. 2,800",0,Nepal
Huawei Y6s 6.09inch 3GB Ram 64GB Rom 13mp Rear 8mp Front Camera,//www.daraz.com.np/products/huawei-y6s-609inch-3gb-ram-64gb-rom-13mp-rear-8mp-front-camera-i104090712-s1024918295.html?search=1,https://static-01.daraz.com.np/p/aedaa0ed76481b65aa34ea62fbc07094.jpg,16900.00,"Rs. 16,900",0,Nepal
Vivo V15 Pro (6+128GB),//www.daraz.com.np/products/vivo-v15-pro-6128gb-i103302712-s1024044490.html?search=1,https://static-01.daraz.com.np/p/dc31ccefec34de109844534f59e6d99b.jpg,42800.00,"Rs. 42,800",0,Nepal
Itel it2171 KeyPhone,//www.daraz.com.np/products/itel-it2171-keyphone-i103145712-s1023902151.html?search=1,https://static-01.daraz.com.np/p/c7129c4e5333a869d2de3cde246f19d6.jpg,1299.00,"Rs. 1,299",0,Nepal
Samsung Galaxy A21S,//www.daraz.com.np/products/samsung-galaxy-a21s-i104070711-s1024874263.html?search=1,https://static-01.daraz.com.np/p/5c15c4fc79cd9e3e7f6439ee20f79cd1.jpg,24999.00,"Rs. 24,999",0,Nepal
Gfive Z9 Big Batter Long Standby Cell Phone Mobile Phone Feature Phone Basic Phone 2.4 Dual Chip Ce FCC Bis Certificated,//www.daraz.com.np/products/gfive-z9-big-batter-long-standby-cell-phone-mobile-phone-feature-phone-basic-phone-24-dual-chip-ce-fcc-bis-certificated-i103322979-s1024060233.html?search=1,https://static-01.daraz.com.np/p/542f97d9616d360fb794a1d9eea28756.jpg,2399.00,"Rs. 2,399",0,Nepal
VITU MARS 30 Smartphone With AI Camera And 32 GB Internal Storage,//www.daraz.com.np/products/vitu-mars-30-smartphone-with-ai-camera-and-32-gb-internal-storage-i103544978-s1024346597.html?search=1,https://static-01.daraz.com.np/p/cf2952b2b50277837c27727664bce945.jpg,6750.00,"Rs. 6,750",0,Nepal
Alcatel 2003D Dual Sim Feature Mobile Phone - Metallic Blue,//www.daraz.com.np/products/alcatel-2003d-dual-sim-feature-mobile-phone-metallic-blue-i101030206-s1021568092.html?search=1,https://static-01.daraz.com.np/p/33c3fef37c0abe787bd34178e605b587.jpg,2475.00,"Rs. 2,475",0,Nepal
"Vivo Y12 [Ram-3Gb Rom-64Gb, Main Camera (13Mp+8Mp+2Mp)+ Selfie(8Mp)]",//www.daraz.com.np/products/vivo-y12-ram-3gb-rom-64gb-main-camera-13mp8mp2mp-selfie8mp-i101440205-s1022224710.html?search=1,https://static-01.daraz.com.np/p/67887c19525796254c2c085c0d72ef99.jpg,20990.00,"Rs. 20,990",0,Nepal
Tamboo S2430,//www.daraz.com.np/products/tamboo-s2430-i103646204-s1024338762.html?search=1,https://static-01.daraz.com.np/p/c89696ce50902a4d12d4d5520b7c3e64.jpg,2300.00,"Rs. 2,300",0,Nepal
Otto Fx003 Keypad Mobile,//www.daraz.com.np/products/otto-fx003-keypad-mobile-i103342201-s1024072461.html?search=1,https://static-01.daraz.com.np/p/157e36c0f3bf48f6f482678e9d25e393.jpg,1999.00,"Rs. 1,999",0,Nepal
"Oppo A1K [Ram-2Gb, Rom-32Gb, Camera: 8Mp(Main) & 5Mp(Selfie)]",//www.daraz.com.np/products/oppo-a1k-ram-2gb-rom-32gb-camera-8mpmain-5mpselfie-i101138200-s1021830877.html?search=1,https://static-01.daraz.com.np/p/bfecf88fe4f14360c42854f13475527c.jpg,15490.00,"Rs. 15,490",5,Nepal
"Nokia 210 DS (Dual Sim, 1020Mah Battery, 2.4inch Screen, with internet option)",//www.daraz.com.np/products/nokia-210-ds-dual-sim-1020mah-battery-24inch-screen-with-internet-option-i103195499-s1023931832.html?search=1,https://static-01.daraz.com.np/p/b23a6e4be04de14cb61764a1836e24b0.jpg,4199.00,"Rs. 4,199",0,Nepal
Nokia 105 Dual Sim (2019) 4Th Edition,//www.daraz.com.np/products/nokia-105-dual-sim-2019-4th-edition-i104052492-s1024846071.html?search=1,https://static-01.daraz.com.np/p/fb6a501828b17d2490c91f26cbd42d4a.jpg,2250.00,"Rs. 2,250",0,Nepal
Vivo Y91C 2020 (2GB RAM // 32GB ROM),//www.daraz.com.np/products/vivo-y91c-2020-2gb-ram-32gb-rom-i103264492-s1024009426.html?search=1,https://static-01.daraz.com.np/p/d1c036d5fbf24a0a2d8a6df11954c7bf.jpg,15590.00,"Rs. 15,590",4,Nepal
Vinko C8 Smartphone With Face Unlock 1.3 GHz Quad-Core 1GB Ram And 8 GB Rom,//www.daraz.com.np/products/vinko-c8-smartphone-with-face-unlock-13-ghz-quad-core-1gb-ram-and-8-gb-rom-i103051492-s1023827941.html?search=1,https://static-01.daraz.com.np/p/a7199af7fb7c407d77f177c05e443cdc.jpg,5590.00,"Rs. 5,590",0,Nepal
Colors CL201 Power (2500mah Battery) Keypad Phone with Vibrator & FM Radio,//www.daraz.com.np/products/colors-cl201-power-2500mah-battery-keypad-phone-with-vibrator-fm-radio-i104016491-s1024798967.html?search=1,https://static-01.daraz.com.np/p/27791948f4c5c13a20a31c6756272dab.jpg,1900.00,"Rs. 1,900",0,Nepal
Vinko C7 Smartphone With Face Unlock 1.3 GHz Quad-Core 1GB Ram And 8 GB Rom,//www.daraz.com.np/products/vinko-c7-smartphone-with-face-unlock-13-ghz-quad-core-1gb-ram-and-8-gb-rom-i103051491-s1023830301.html?search=1,https://static-01.daraz.com.np/p/bbe3b29b2c6bd981d9bdb19076adc3fc.jpg,5590.00,"Rs. 5,590",0,Nepal
Honor Play RAM 4 And ROM 64,//www.daraz.com.np/products/honor-play-ram-4-and-rom-64-i101388851-s1022196061.html?search=1,https://static-01.daraz.com.np/p/87ef11a420e5437d032061e59226d4c1.jpg,35800.00,"Rs. 35,800",0,Nepal
"ZTE Blade S6 [2 GB RAM, 16 GB ROM] 5.0 - Silver""",//www.daraz.com.np/products/zte-blade-s6-2-gb-ram-16-gb-rom-50-silver-i11269-s32123.html?search=1,https://static-01.daraz.com.np/p/c543234bd5adb8b349959ceef2ecd45b.jpg,13499.00,"Rs. 13,499",0,Nepal
MAXXAGE RD 01 310 Black Green Dual SIM Mobile with 1050 MAH Battery,//www.daraz.com.np/products/maxxage-rd-01-310-black-green-dual-sim-mobile-with-1050-mah-battery-i104030269-s1024806951.html?search=1,https://static-01.daraz.com.np/p/088ded98130e9f6de385fd2ea18bba57.jpg,1300.00,"Rs. 1,300",0,Nepal
"ZTE Blade D2 [1 GB RAM, 8 GB ROM] - White",//www.daraz.com.np/products/zte-blade-d2-1-gb-ram-8-gb-rom-white-i11268-s32120.html?search=1,https://static-01.daraz.com.np/p/f820732749d0cd4c37b9c2bceecc3811.jpg,10499.00,"Rs. 10,499",0,Nepal
Itel 2161 keypad mobile,//www.daraz.com.np/products/itel-2161-keypad-mobile-i101392260-s1022174773.html?search=1,https://static-01.daraz.com.np/p/937da27e6c0b1fa1a86d63aedc8d10ab.jpg,1100.00,"Rs. 1,100",0,Nepal
Kechaoda K33 Card Phone Small Moblie,//www.daraz.com.np/products/kechaoda-k33-card-phone-small-moblie-i103334709-s1024062645.html?search=1,https://static-01.daraz.com.np/p/cc505eed89ee0e1cda169a4715e8b398.jpg,1999.00,"Rs. 1,999",0,Nepal
Samsung Galaxy S20 Plus,//www.daraz.com.np/products/samsung-galaxy-s20-plus-i103650707-s1024380006.html?search=1,https://static-01.daraz.com.np/p/b00f1012bf7ad128943d5cb978ac7525.jpg,126999.00,"Rs. 126,999",0,Nepal
Alcatel 3 (5053K) 64GB ROM + 4GB RAM,//www.daraz.com.np/products/alcatel-3-5053k-64gb-rom-4gb-ram-i101056704-s1021608001.html?search=1,https://static-01.daraz.com.np/p/1eb613d3c14770d8f24f6ae3d825b0d5.jpg,19700.00,"Rs. 19,700",0,Nepal
NOKIA 1 Mobile Android ( 1 GB / 8 GB ),//www.daraz.com.np/products/nokia-1-mobile-android-1-gb-8-gb-i103181702-s1023931417.html?search=1,https://static-01.daraz.com.np/p/16191502ed348fb9a5ae0bc6f84af0a4.jpg,8500.00,"Rs. 8,500",0,Nepal
Rusk S10 Smart Phone for Everyone,//www.daraz.com.np/products/rusk-s10-smart-phone-for-everyone-i103642701-s1024362118.html?search=1,https://static-01.daraz.com.np/p/3822ff98316867bffc49a7f74d664055.jpg,4500.00,"Rs. 4,500",0,Nepal
"VITU HOT 7 4G Smartphone With, 6.0 Inch HD+ Display, Finger Print ,Face ID, 2GB Ram 16GB Rom",//www.daraz.com.np/products/vitu-hot-7-4g-smartphone-with-60-inch-hd-display-finger-print-face-id-2gb-ram-16gb-rom-i103068168-s1023842141.html?search=1,https://static-01.daraz.com.np/p/80bb65fa0b85f476385b89eba7a9a579.jpg,7590.00,"Rs. 7,590",1,Nepal
OPPO A5S 2GB Ram 32GB Memory,//www.daraz.com.np/products/oppo-a5s-2gb-ram-32gb-memory-i101136166-s1021822309.html?search=1,https://static-01.daraz.com.np/p/ca0d77781d6b86aa3708ba402e855b8b.jpg,16790.00,"Rs. 16,790",0,Nepal
Colors P51 (512Mb/8Gb),//www.daraz.com.np/products/colors-p51-512mb8gb-i101658161-s1022408118.html?search=1,https://static-01.daraz.com.np/p/eefc89d7639849e335ed257afa619be7.jpg,5600.00,"Rs. 5,600",0,Nepal
Nokia N216,//www.daraz.com.np/products/nokia-n216-i103644337-s1024344961.html?search=1,https://static-01.daraz.com.np/p/d4482392d9c7a18e99331ea428cd992d.jpg,4700.00,"Rs. 4,700",0,Nepal
Panasonic Eluga A4,//www.daraz.com.np/products/panasonic-eluga-a4-i103243336-s1023985018.html?search=1,https://static-01.daraz.com.np/p/77c3864499d7198357006ac651c96072.jpg,12000.00,"Rs. 12,000",0,Nepal
Samsung M21 [4GB//64GB or 6GB//128GB] -48MP Tripple rear camera,//www.daraz.com.np/products/samsung-m21-4gb64gb-or-6gb128gb-48mp-tripple-rear-camera-i104046332-s1024842438.html?search=1,https://static-01.daraz.com.np/p/1581799349a03f8006473516431958fb.jpg,22999.00,"Rs. 22,999",0,Nepal
"Lava Axe Q9 Phone with 2 Inch Display Dual Sim, Keypad, Built in Music Player",//www.daraz.com.np/products/lava-axe-q9-phone-with-2-inch-display-dual-sim-keypad-built-in-music-player-i103136332-s1023876798.html?search=1,https://static-01.daraz.com.np/p/f4687803be9cda5b98db871cb73a67ff.jpg,999.00,Rs. 999,0,Nepal
"Huawei Y Max [ BIG 7.12 Inch Display, 5000 mAh large battery ]",//www.daraz.com.np/products/huawei-y-max-big-712-inch-display-5000-mah-large-battery-4gb-ram-128-gb-rom-i100580331-s1020988063.html?search=1,https://static-01.daraz.com.np/p/b3ae32cf96620f7ce9030c5ac2e4abd4.jpg,35091.00,"Rs. 35,091",0,Bagmati
"iVOOMi I1S Feature Phone With Blister Packing Vibrator Dual Sim,Camera,Torch, Wireless FM ,Multimedia Upto 64GB Memory Support",//www.daraz.com.np/products/ivoomi-i1s-feature-phone-with-blister-packing-vibrator-dual-simcameratorch-wireless-fm-multimedia-upto-64gb-memory-support-i103574330-s1024304298.html?search=1,https://static-01.daraz.com.np/p/d3ad0af1f555bcef6fda66eacdce4aec.jpg,1450.00,"Rs. 1,450",0,Nepal
Vinko C9 Smartphone With Face Unlock 1.3 GHz Quad-Core 1GB Ram And 8 GB Rom,//www.daraz.com.np/products/vinko-c9-smartphone-with-face-unlock-13-ghz-quad-core-1gb-ram-and-8-gb-rom-i103053439-s1023830302.html?search=1,https://static-01.daraz.com.np/p/37fb8e3ef4111b845de793dcf70520de.jpg,5590.00,"Rs. 5,590",0,Nepal
Micromax HS2,//www.daraz.com.np/products/micromax-hs2-i104004434-s1024796202.html?search=1,https://static-01.daraz.com.np/p/aeb8e3bc70e58df2c85791104bb02486.jpg,18986.00,"Rs. 18,986",0,Nepal
"VITU MARS 9 Smartphone With Ring Stand , Cover And 16 GB Internal Storage",//www.daraz.com.np/products/vitu-mars-9-smartphone-with-ring-stand-cover-and-16-gb-internal-storage-i101398434-s1022186395.html?search=1,https://static-01.daraz.com.np/p/f7283e8507777de02b5a6c567d1a284f.jpg,7290.00,"Rs. 7,290",3,Nepal
KEN XIN DA C1 [ Big LED FlashLight],//www.daraz.com.np/products/ken-xin-da-c1-big-led-flashlight-i103998941-s1024774298.html?search=1,https://static-01.daraz.com.np/p/3c05053452f2c7235d69bc1c4d66bfee.jpg,990.00,Rs. 990,0,Nepal
"Mango MT1 2.4 Screen 1400mAH Dual Sim Phone, Facebook Compatible",//www.daraz.com.np/products/mango-mt1-24-screen-1400mah-dual-sim-phone-facebook-compatible-i103326941-s1024063159.html?search=1,https://static-01.daraz.com.np/p/dd4cfa0a5dab711bb53a03047f5483c4.jpg,1599.00,"Rs. 1,599",0,Nepal
Itel  keypad 2160 mobile,//www.daraz.com.np/products/itel-keypad-2160-mobile-i101414623-s1022210448.html?search=1,https://static-01.daraz.com.np/p/e94c31b333e09497b197d8190e5364a8.jpg,1300.00,"Rs. 1,300",0,Nepal
"Microsoft Lumia 435 - (1 GB RAM, 8 GB ROM) Dual Sim",//www.daraz.com.np/products/microsoft-lumia-435-1-gb-ram-8-gb-rom-dual-sim-i103554833-s1024282553.html?search=1,https://static-01.daraz.com.np/p/6de28ddb5747d2b45bded8069d3ec644.jpg,3600.00,"Rs. 3,600",1.8,Nepal
Oppo A9 2020,//www.daraz.com.np/products/oppo-a9-2020-i104100830-s1024926366.html?search=1,https://static-01.daraz.com.np/p/5a5a9b6feb3ce7bfb278e66a38f05487.jpg,33590.00,"Rs. 33,590",0,Nepal
Vivo V19 (8GB RAM // 128GB ROM),//www.daraz.com.np/products/vivo-v19-8gb-ram-128gb-rom-i104018830-s1024804523.html?search=1,https://static-01.daraz.com.np/p/28937950333ea88cff98cedc2b7da584.jpg,49019.00,"Rs. 49,019",0,Nepal
"Panasonic P99 [2GB RAM 16GB ROM] 8MP Rear Camera 5MP Front Camera, 5"" Display",//www.daraz.com.np/products/panasonic-p99-2gb-ram-16gb-rom-8mp-rear-camera-5mp-front-camera-5-display-i100862478-s1021408017.html?search=1,https://static-01.daraz.com.np/p/9ce2a27bbd25bdf46e1213738d2cc22f.jpg,8900.00,"Rs. 8,900",0,Nepal
Samsung Galaxy M31 // 64MP + 8MP + 5MP + 5MP rear camera | 32MP front facing camera,//www.daraz.com.np/products/samsung-galaxy-m31-64mp-8mp-5mp-5mp-rear-camera-32mp-front-facing-camera-i104048473-s1024842982.html?search=1,https://static-01.daraz.com.np/p/a95feb1db44479a719a42d806f0523e8.jpg,35699.00,"Rs. 35,699",0,Nepal
J Fox Mobile phone,//www.daraz.com.np/products/j-fox-mobile-phone-i103656473-s1024366556.html?search=1,https://static-01.daraz.com.np/p/fc42509dedbc93d41ac4c28ec1441da9.jpg,1350.00,"Rs. 1,350",0,Nepal
"PearlTech UNIQUE 1 Smartphone 6.26 Inch HD+ Display, Face ID, 2GB Ram 16GB Rom With 1 Year Warrenty.",//www.daraz.com.np/products/pearltech-unique-1-smartphone-626-inch-hd-display-face-id-2gb-ram-16gb-rom-with-1-year-warrenty-i101740471-s1022546384.html?search=1,https://static-01.daraz.com.np/p/f387f655cba2bc4ddcd835957823bac0.jpg,7640.00,"Rs. 7,640",4.75,Nepal
"iVOOMi I1S Feature Phone With Blister Packing Vibrator Dual Sim,Camera,Torch, Wireless FM ,Multimedia Upto 64GB Memory Support",//www.daraz.com.np/products/ivoomi-i1s-feature-phone-with-blister-packing-vibrator-dual-simcameratorch-wireless-fm-multimedia-upto-64gb-memory-support-i103540008-s1024266002.html?search=1,https://static-01.daraz.com.np/p/cf23984f36421b0552a4665eb23d3446.jpg,1370.00,"Rs. 1,370",5,Nepal
"IMARS VIVI 8 Series Mobile (4 GB RAM, 32 GB ROM) 5.5 Screen)",//www.daraz.com.np/products/imars-vivi-8-series-mobile-4-gb-ram-32-gb-rom-55-screen-i103328008-s1024059297.html?search=1,https://static-01.daraz.com.np/p/ba501c47e7c3cb48d8d2fc94a32f7bff.jpg,9999.00,"Rs. 9,999",0,Nepal
HONOR 20 Lite 4 RAM And 128 ROM,//www.daraz.com.np/products/honor-20-lite-4-ram-and-128-rom-i101342007-s1022070141.html?search=1,https://static-01.daraz.com.np/p/fd945bab93263ccffd3ed19a15cbc8f1.jpg,32550.00,"Rs. 32,550",5,Nepal
"KECHAODA K10 (32 MB RAM, 32 MB ROM) 0.66 Screen Feature Phone",//www.daraz.com.np/products/kechaoda-k10-32-mb-ram-32-mb-rom-066-screen-feature-phone-i103688006-s1024390728.html?search=1,https://static-01.daraz.com.np/p/26c1326fbf4b8530a3d9dbb5ed31272b.jpg,2000.00,"Rs. 2,000",0,Nepal
"iVOOMi IV301 Smartphone 5 Inch Display,1GB Ram 8GB Rom With 1 Year Warrenty",//www.daraz.com.np/products/ivoomi-iv301-smartphone-5-inch-display1gb-ram-8gb-rom-with-1-year-warrenty-i103544005-s1024272004.html?search=1,https://static-01.daraz.com.np/p/cd68c1fed21f611c5703d5c87d60e76a.jpg,5199.00,"Rs. 5,199",0,Nepal
"iVOOMi IV203 Feature Phone With Dual Sim,Camera,Torch, Wireless FM ,Multimedia Upto 8GB Memory Support",//www.daraz.com.np/products/ivoomi-iv203-feature-phone-with-dual-simcameratorch-wireless-fm-multimedia-upto-8gb-memory-support-i103546004-s1024268005.html?search=1,https://static-01.daraz.com.np/p/9380b9c037c6b6ab9b9370993bcc0734.jpg,1550.00,"Rs. 1,550",0,Nepal
